{"mult8_cgp14ep_ep19660_wc16_2_wtmrca": [{"cells": 313, "mae": 3.6875, "wce": 16, "wce%": 0.0244140625, "levels": 29, "pdk45_area": 719.436904, "pdk45_delay": 1.4, "pdk45_pwr": 416900.0, "seed": "wtm_rca"}], "mult8_cgp14ep_ep26214_wc1288_wtmrca": [{"cells": 302, "mae": 133.35034, "wce": 1288, "wce%": 1.96533203125, "levels": 26, "pdk45_area": 767.305501, "pdk45_delay": 1.29, "pdk45_pwr": 426300.0, "seed": "wtm_rca"}], "mult8_cgp14ep_ep26214_wc160_2_wtmrca": [{"cells": 293, "mae": 20.69336, "wce": 160, "wce%": 0.244140625, "levels": 27, "pdk45_area": 674.853402, "pdk45_delay": 1.19, "pdk45_pwr": 378900.0, "seed": "wtm_rca"}], "mult8_cgp14ep_ep32768_wc21520_wtmrca": [{"cells": 275, "mae": 982.04492, "wce": 21520, "wce%": 32.8369140625, "levels": 24, "pdk45_area": 731.169395, "pdk45_delay": 1.18, "pdk45_pwr": 366300.0, "seed": "wtm_rca"}], "mult8_cgp14ep_ep32768_wc394_wtmrca": [{"cells": 272, "mae": 48.97845, "wce": 394, "wce%": 0.6011962890625, "levels": 25, "pdk45_area": 670.160398, "pdk45_delay": 1.24, "pdk45_pwr": 348800.0, "seed": "wtm_rca"}], "mult8_cgp14ep_ep49152_wc188_wtmrca": [{"cells": 268, "mae": 21.59863, "wce": 188, "wce%": 0.286865234375, "levels": 26, "pdk45_area": 619.006701, "pdk45_delay": 1.3, "pdk45_pwr": 351900.0, "seed": "wtm_rca"}], "mult8_cgp14ep_ep49152_wc752_wtmrca": [{"cells": 231, "mae": 115.71387, "wce": 752, "wce%": 1.1474609375, "levels": 24, "pdk45_area": 562.221397, "pdk45_delay": 1.13, "pdk45_pwr": 270300.0, "seed": "wtm_rca"}], "mult8_cgp14ep_ep55705_wc32354_wtmrca": [{"cells": 133, "mae": 3261.31641, "wce": 32354, "wce%": 49.3682861328125, "levels": 8, "pdk45_area": 291.904595, "pdk45_delay": 0.39, "pdk45_pwr": 95562.0, "seed": "wtm_rca"}], "mult8_cgp14ep_ep55705_wc770_wtmrca": [{"cells": 217, "mae": 116.57233, "wce": 770, "wce%": 1.1749267578125, "levels": 24, "pdk45_area": 517.637899, "pdk45_delay": 1.23, "pdk45_pwr": 265300.0, "seed": "wtm_rca"}], "mult8_cgp14ep_ep55705_wc916_wtmrca": [{"cells": 235, "mae": 85.94891, "wce": 916, "wce%": 1.397705078125, "levels": 24, "pdk45_area": 565.037198, "pdk45_delay": 1.3, "pdk45_pwr": 292800.0, "seed": "wtm_rca"}], "mult8_cgp14ep_ep62259_wc1875_wtmrca": [{"cells": 154, "mae": 386.78674, "wce": 1875, "wce%": 2.86102294921875, "levels": 20, "pdk45_area": 379.194398, "pdk45_delay": 1.02, "pdk45_pwr": 165000.0, "seed": "wtm_rca"}], "mult8_cgp14ep_ep63078_wc495_wtmrca": [{"cells": 188, "mae": 111.72565, "wce": 495, "wce%": 0.75531005859375, "levels": 24, "pdk45_area": 471.6465, "pdk45_delay": 1.23, "pdk45_pwr": 241700.0, "seed": "wtm_rca"}], "mult8_cgp14ep_ep63078_wc497_wtmrca": [{"cells": 196, "mae": 113.52277, "wce": 497, "wce%": 0.75836181640625, "levels": 26, "pdk45_area": 508.721199, "pdk45_delay": 1.18, "pdk45_pwr": 265300.0, "seed": "wtm_rca"}], "mult8_cgp14ep_ep63897_wc129_wtmrca": [{"cells": 240, "mae": 33.07678, "wce": 129, "wce%": 0.19683837890625, "levels": 26, "pdk45_area": 540.633603, "pdk45_delay": 1.17, "pdk45_pwr": 318800.0, "seed": "wtm_rca"}], "mult8_cgp14ep_ep63897_wc319_2_wtmrca": [{"cells": 210, "mae": 72.67636, "wce": 319, "wce%": 0.48675537109375, "levels": 25, "pdk45_area": 483.848302, "pdk45_delay": 1.14, "pdk45_pwr": 282100.0, "seed": "wtm_rca"}], "mult8_cgp14ep_ep63897_wc34_wtmrca": [{"cells": 275, "mae": 9.6936, "wce": 34, "wce%": 0.0518798828125, "levels": 27, "pdk45_area": 628.392703, "pdk45_delay": 1.3, "pdk45_pwr": 375200.0, "seed": "wtm_rca"}], "mult8_cgp14ep_ep64716_wc162_wtmrca": [{"cells": 236, "mae": 42.41681, "wce": 162, "wce%": 0.2471923828125, "levels": 26, "pdk45_area": 565.037201, "pdk45_delay": 1.24, "pdk45_pwr": 329200.0, "seed": "wtm_rca"}], "mult8_cgp14ep_ep64716_wc17_wtmrca": [{"cells": 296, "mae": 5.01367, "wce": 17, "wce%": 0.02593994140625, "levels": 29, "pdk45_area": 653.265606, "pdk45_delay": 1.29, "pdk45_pwr": 400500.0, "seed": "wtm_rca"}], "mult8_cgp14ep_ep64716_wc3664_wtmrca": [{"cells": 82, "mae": 656.21283, "wce": 3664, "wce%": 5.5908203125, "levels": 16, "pdk45_area": 236.527195, "pdk45_delay": 0.85, "pdk45_pwr": 84974.0, "seed": "wtm_rca"}], "mult8_cgp14ep_ep65536_wc4553_wtmrca": [{"cells": 94, "mae": 1195.47791, "wce": 4553, "wce%": 6.94732666015625, "levels": 18, "pdk45_area": 251.544797, "pdk45_delay": 0.95, "pdk45_pwr": 101600.0, "seed": "wtm_rca"}]}