{"mult8_cgp14ep_ep13107_wc22_2_rcam": [{"cells": 306, "mae": 1.67188, "wce": 22, "wce%": 0.0335693359375, "levels": 36, "pdk45_area": 710.050905, "pdk45_delay": 1.81, "pdk45_pwr": 401700.0, "seed": "rcam"}], "mult8_cgp14ep_ep13107_wc4352_rcam": [{"cells": 309, "mae": 395.67969, "wce": 4352, "wce%": 6.640625, "levels": 39, "pdk45_area": 775.283601, "pdk45_delay": 2.17, "pdk45_pwr": 406500.0, "seed": "rcam"}], "mult8_cgp14ep_ep19660_wc2_5_rcam": [{"cells": 313, "mae": 0.5, "wce": 2, "wce%": 0.0030517578125, "levels": 38, "pdk45_area": 762.143204, "pdk45_delay": 2.08, "pdk45_pwr": 416000.0, "seed": "rcam"}], "mult8_cgp14ep_ep26214_wc10_3_rcam": [{"cells": 306, "mae": 1.5625, "wce": 10, "wce%": 0.0152587890625, "levels": 37, "pdk45_area": 734.454504, "pdk45_delay": 1.84, "pdk45_pwr": 403200.0, "seed": "rcam"}], "mult8_cgp14ep_ep32768_wc21118_rcam": [{"cells": 276, "mae": 2453.21887, "wce": 21118, "wce%": 32.2235107421875, "levels": 34, "pdk45_area": 643.410303, "pdk45_delay": 1.8, "pdk45_pwr": 369200.0, "seed": "rcam"}], "mult8_cgp14ep_ep42598_wc1708_rcam": [{"cells": 247, "mae": 230.03424, "wce": 1708, "wce%": 2.606201171875, "levels": 32, "pdk45_area": 658.897198, "pdk45_delay": 1.6, "pdk45_pwr": 331800.0, "seed": "rcam"}], "mult8_cgp14ep_ep42598_wc1_3_rcam": [{"cells": 318, "mae": 0.25, "wce": 1, "wce%": 0.00152587890625, "levels": 39, "pdk45_area": 712.866706, "pdk45_delay": 2.04, "pdk45_pwr": 408200.0, "seed": "rcam"}], "mult8_cgp14ep_ep42598_wc30450_rcam": [{"cells": 266, "mae": 1690.17395, "wce": 30450, "wce%": 46.4630126953125, "levels": 33, "pdk45_area": 755.103696, "pdk45_delay": 1.96, "pdk45_pwr": 376300.0, "seed": "rcam"}], "mult8_cgp14ep_ep49152_wc274_rcam": [{"cells": 255, "mae": 105.11798, "wce": 274, "wce%": 0.4180908203125, "levels": 30, "pdk45_area": 650.449799, "pdk45_delay": 1.9, "pdk45_pwr": 333100.0, "seed": "rcam"}], "mult8_cgp14ep_ep63078_wc20098_rcam": [{"cells": 76, "mae": 3669.58746, "wce": 20098, "wce%": 30.6671142578125, "levels": 8, "pdk45_area": 152.991797, "pdk45_delay": 0.23, "pdk45_pwr": 39930.0, "seed": "rcam"}]}