{"mult8_cgp14ep_ep13107_wc1104_rcam": [{"cells": 308, "mae": 29.375, "wce": 1104, "wce%": 1.6845703125, "levels": 39, "pdk45_area": 743.840503, "pdk45_delay": 2.15, "pdk45_pwr": 410900.0, "seed": "rcam"}], "mult8_cgp14ep_ep19660_wc2_5_rcam": [{"cells": 313, "mae": 0.5, "wce": 2, "wce%": 0.0030517578125, "levels": 38, "pdk45_area": 762.143204, "pdk45_delay": 2.08, "pdk45_pwr": 416000.0, "seed": "rcam"}], "mult8_cgp14ep_ep26214_wc16784_rcam": [{"cells": 300, "mae": 1346.38281, "wce": 16784, "wce%": 25.6103515625, "levels": 37, "pdk45_area": 770.121299, "pdk45_delay": 1.96, "pdk45_pwr": 394400.0, "seed": "rcam"}], "mult8_cgp14ep_ep26214_wc254_rcam": [{"cells": 284, "mae": 25.93652, "wce": 254, "wce%": 0.3875732421875, "levels": 32, "pdk45_area": 710.520202, "pdk45_delay": 1.78, "pdk45_pwr": 381600.0, "seed": "rcam"}], "mult8_cgp14ep_ep42598_wc11_4_rcam": [{"cells": 310, "mae": 4.01562, "wce": 11, "wce%": 0.01678466796875, "levels": 37, "pdk45_area": 688.463105, "pdk45_delay": 1.99, "pdk45_pwr": 399000.0, "seed": "rcam"}], "mult8_cgp14ep_ep42598_wc190_rcam": [{"cells": 277, "mae": 20.78516, "wce": 190, "wce%": 0.2899169921875, "levels": 33, "pdk45_area": 703.0114, "pdk45_delay": 1.81, "pdk45_pwr": 384700.0, "seed": "rcam"}], "mult8_cgp14ep_ep42598_wc3146_rcam": [{"cells": 246, "mae": 320.74738, "wce": 3146, "wce%": 4.8004150390625, "levels": 33, "pdk45_area": 606.8049, "pdk45_delay": 1.75, "pdk45_pwr": 309800.0, "seed": "rcam"}], "mult8_cgp14ep_ep42598_wc948_rcam": [{"cells": 256, "mae": 111.81836, "wce": 948, "wce%": 1.446533203125, "levels": 33, "pdk45_area": 622.2918, "pdk45_delay": 1.66, "pdk45_pwr": 336400.0, "seed": "rcam"}], "mult8_cgp14ep_ep49152_wc1324_rcam": [{"cells": 240, "mae": 140.23486, "wce": 1324, "wce%": 2.020263671875, "levels": 28, "pdk45_area": 630.739198, "pdk45_delay": 1.67, "pdk45_pwr": 306900.0, "seed": "rcam"}], "mult8_cgp14ep_ep49152_wc2172_rcam": [{"cells": 215, "mae": 242.1106, "wce": 2172, "wce%": 3.314208984375, "levels": 30, "pdk45_area": 559.874897, "pdk45_delay": 1.51, "pdk45_pwr": 262400.0, "seed": "rcam"}], "mult8_cgp14ep_ep55705_wc1194_rcam": [{"cells": 218, "mae": 159.50568, "wce": 1194, "wce%": 1.8218994140625, "levels": 27, "pdk45_area": 570.668798, "pdk45_delay": 1.34, "pdk45_pwr": 264000.0, "seed": "rcam"}], "mult8_cgp14ep_ep63078_wc160_rcam": [{"cells": 235, "mae": 64.00928, "wce": 160, "wce%": 0.244140625, "levels": 32, "pdk45_area": 588.032901, "pdk45_delay": 1.77, "pdk45_pwr": 312100.0, "seed": "rcam"}], "mult8_cgp14ep_ep63078_wc24576_rcam": [{"cells": 76, "mae": 6174.05664, "wce": 24576, "wce%": 37.5, "levels": 7, "pdk45_area": 151.583897, "pdk45_delay": 0.26, "pdk45_pwr": 40572.0, "seed": "rcam"}], "mult8_cgp14ep_ep63078_wc27_rcam": [{"cells": 276, "mae": 7.91406, "wce": 27, "wce%": 0.04119873046875, "levels": 34, "pdk45_area": 625.107606, "pdk45_delay": 1.85, "pdk45_pwr": 369400.0, "seed": "rcam"}], "mult8_cgp14ep_ep63078_wc4452_rcam": [{"cells": 136, "mae": 1157.46887, "wce": 4452, "wce%": 6.793212890625, "levels": 21, "pdk45_area": 360.891696, "pdk45_delay": 0.92, "pdk45_pwr": 119800.0, "seed": "rcam"}], "mult8_cgp14ep_ep63897_wc6912_2_rcam": [{"cells": 82, "mae": 1433.25623, "wce": 6912, "wce%": 10.546875, "levels": 12, "pdk45_area": 220.570996, "pdk45_delay": 0.69, "pdk45_pwr": 56496.0, "seed": "rcam"}], "mult8_cgp14ep_ep64716_wc6961_rcam": [{"cells": 66, "mae": 1655.65613, "wce": 6961, "wce%": 10.62164306640625, "levels": 12, "pdk45_area": 191.943697, "pdk45_delay": 0.64, "pdk45_pwr": 57998.0, "seed": "rcam"}], "mult8_cgp14ep_ep65536_wc22_4_rcam": [{"cells": 282, "mae": 6.84735, "wce": 22, "wce%": 0.0335693359375, "levels": 37, "pdk45_area": 630.739206, "pdk45_delay": 1.88, "pdk45_pwr": 376200.0, "seed": "rcam"}], "mult8_cgp14ep_ep65536_wc2865_rcam": [{"cells": 79, "mae": 681.40964, "wce": 2865, "wce%": 4.37164306640625, "levels": 19, "pdk45_area": 206.961299, "pdk45_delay": 0.88, "pdk45_pwr": 76545.0, "seed": "rcam"}], "mult8_cgp14ep_ep65536_wc620_2_rcam": [{"cells": 182, "mae": 177.97931, "wce": 620, "wce%": 0.946044921875, "levels": 29, "pdk45_area": 437.3876, "pdk45_delay": 1.71, "pdk45_pwr": 225200.0, "seed": "rcam"}]}