{"mult8_cgp14ep_ep13107_wc146_rcam": [{"cells": 310, "mae": 13.03125, "wce": 146, "wce%": 0.2227783203125, "levels": 37, "pdk45_area": 737.739604, "pdk45_delay": 2.21, "pdk45_pwr": 405800.0, "seed": "rcam"}], "mult8_cgp14ep_ep13107_wc16_5_rcam": [{"cells": 308, "mae": 1.6875, "wce": 16, "wce%": 0.0244140625, "levels": 36, "pdk45_area": 695.033306, "pdk45_delay": 1.92, "pdk45_pwr": 402400.0, "seed": "rcam"}], "mult8_cgp14ep_ep26214_wc2_2_rcam": [{"cells": 312, "mae": 0.75, "wce": 2, "wce%": 0.0030517578125, "levels": 38, "pdk45_area": 751.349305, "pdk45_delay": 1.94, "pdk45_pwr": 411400.0, "seed": "rcam"}], "mult8_cgp14ep_ep26214_wc5_2_rcam": [{"cells": 317, "mae": 0.71875, "wce": 5, "wce%": 0.00762939453125, "levels": 39, "pdk45_area": 695.502606, "pdk45_delay": 1.98, "pdk45_pwr": 403800.0, "seed": "rcam"}], "mult8_cgp14ep_ep26214_wc784_rcam": [{"cells": 300, "mae": 87.69238, "wce": 784, "wce%": 1.1962890625, "levels": 36, "pdk45_area": 791.2398, "pdk45_delay": 1.93, "pdk45_pwr": 404500.0, "seed": "rcam"}], "mult8_cgp14ep_ep32768_wc17572_rcam": [{"cells": 288, "mae": 527.48218, "wce": 17572, "wce%": 26.812744140625, "levels": 36, "pdk45_area": 766.836197, "pdk45_delay": 2.07, "pdk45_pwr": 383100.0, "seed": "rcam"}], "mult8_cgp14ep_ep42598_wc52_2_rcam": [{"cells": 283, "mae": 7.34375, "wce": 52, "wce%": 0.079345703125, "levels": 34, "pdk45_area": 676.730603, "pdk45_delay": 1.72, "pdk45_pwr": 368600.0, "seed": "rcam"}], "mult8_cgp14ep_ep49152_wc31_rcam": [{"cells": 280, "mae": 9.41797, "wce": 31, "wce%": 0.04730224609375, "levels": 34, "pdk45_area": 648.572604, "pdk45_delay": 1.85, "pdk45_pwr": 379000.0, "seed": "rcam"}], "mult8_cgp14ep_ep49152_wc5094_rcam": [{"cells": 205, "mae": 559.2804, "wce": 5094, "wce%": 7.7728271484375, "levels": 26, "pdk45_area": 513.883497, "pdk45_delay": 1.4, "pdk45_pwr": 242300.0, "seed": "rcam"}], "mult8_cgp14ep_ep55705_wc11_3_rcam": [{"cells": 301, "mae": 3.85938, "wce": 11, "wce%": 0.01678466796875, "levels": 37, "pdk45_area": 705.357905, "pdk45_delay": 1.92, "pdk45_pwr": 395900.0, "seed": "rcam"}], "mult8_cgp14ep_ep55705_wc952_rcam": [{"cells": 202, "mae": 133.9375, "wce": 952, "wce%": 1.45263671875, "levels": 26, "pdk45_area": 453.813101, "pdk45_delay": 1.32, "pdk45_pwr": 220200.0, "seed": "rcam"}], "mult8_cgp14ep_ep62259_wc3492_rcam": [{"cells": 146, "mae": 498.35791, "wce": 3492, "wce%": 5.328369140625, "levels": 20, "pdk45_area": 380.132998, "pdk45_delay": 1.02, "pdk45_pwr": 159500.0, "seed": "rcam"}], "mult8_cgp14ep_ep62259_wc7106_rcam": [{"cells": 141, "mae": 1945.854, "wce": 7106, "wce%": 10.8428955078125, "levels": 19, "pdk45_area": 415.799794, "pdk45_delay": 0.87, "pdk45_pwr": 144600.0, "seed": "rcam"}], "mult8_cgp14ep_ep62259_wc868_rcam": [{"cells": 170, "mae": 196.57483, "wce": 868, "wce%": 1.324462890625, "levels": 25, "pdk45_area": 434.102497, "pdk45_delay": 1.31, "pdk45_pwr": 191600.0, "seed": "rcam"}], "mult8_cgp14ep_ep63897_wc5256_rcam": [{"cells": 83, "mae": 1250.02542, "wce": 5256, "wce%": 8.02001953125, "levels": 15, "pdk45_area": 226.202597, "pdk45_delay": 0.69, "pdk45_pwr": 73253.0, "seed": "rcam"}], "mult8_cgp14ep_ep64716_wc11_2_rcam": [{"cells": 297, "mae": 3.19531, "wce": 11, "wce%": 0.01678466796875, "levels": 37, "pdk45_area": 673.445505, "pdk45_delay": 1.92, "pdk45_pwr": 395400.0, "seed": "rcam"}], "mult8_cgp14ep_ep64716_wc159_rcam": [{"cells": 234, "mae": 40.88681, "wce": 159, "wce%": 0.24261474609375, "levels": 32, "pdk45_area": 546.734502, "pdk45_delay": 1.66, "pdk45_pwr": 301300.0, "seed": "rcam"}], "mult8_cgp14ep_ep64716_wc2934_rcam": [{"cells": 125, "mae": 860.32965, "wce": 2934, "wce%": 4.4769287109375, "levels": 22, "pdk45_area": 340.242497, "pdk45_delay": 1.25, "pdk45_pwr": 142700.0, "seed": "rcam"}], "mult8_cgp14ep_ep64716_wc4433_rcam": [{"cells": 65, "mae": 1142.31604, "wce": 4433, "wce%": 6.76422119140625, "levels": 15, "pdk45_area": 169.417299, "pdk45_delay": 0.71, "pdk45_pwr": 56581.0, "seed": "rcam"}], "mult8_cgp14ep_ep65536_wc963_rcam": [{"cells": 149, "mae": 245.02832, "wce": 963, "wce%": 1.46942138671875, "levels": 27, "pdk45_area": 365.115399, "pdk45_delay": 1.54, "pdk45_pwr": 177400.0, "seed": "rcam"}]}