{"mult8_cgp14ep_ep13107_wc0_2_rcam": [{"cells": 319, "mae": 0.0, "wce": 0, "wce%": 0.0, "levels": 39, "pdk45_area": 746.187006, "pdk45_delay": 2.06, "pdk45_pwr": 415800.0, "seed": "rcam"}], "mult8_cgp14ep_ep13107_wc0_rcam": [{"cells": 320, "mae": 0.0, "wce": 0, "wce%": 0.0, "levels": 39, "pdk45_area": 742.901906, "pdk45_delay": 2.04, "pdk45_pwr": 413300.0, "seed": "rcam"}], "mult8_cgp14ep_ep13107_wc0_wtmcla": [{"cells": 381, "mae": 0.0, "wce": 0, "wce%": 0.0, "levels": 23, "pdk45_area": 853.1874, "pdk45_delay": 1.07, "pdk45_pwr": 495500.0, "seed": "wtm_cla"}]}